"site","colony.id","depth.below","height.above","habitat","temp","species","fvfm.avg","range","se","water.column"
"Hilton","HH01",84,107,"open","29","Hyacinthus",0.672083333333333,0.0469999999999999,0.0103605153239488,191
"Hilton","HH01",84,107,"open","36","Hyacinthus",0.286833333333333,0.118333333333333,0.0248627715150063,191
"Hilton","HH02",154,59,"overhang","29","Hyacinthus",0.686666666666667,0.0156666666666666,0.0036234830798045,213
"Hilton","HH02",154,59,"overhang","36","Hyacinthus",0.438916666666667,0.0823333333333334,0.0179605405964998,213
"Hilton","HH03",117,70,"other","29","Hyacinthus",0.6755,0.0063333333333333,0.00173472166622176,187
"Hilton","HH03",117,70,"other","36","Hyacinthus",0.547666666666667,0.0473333333333333,0.0120515866482692,187
"Hilton","HH04",114,29,"sheltered","29","Hyacinthus",0.69875,0.039,0.00908027471439544,143
"Hilton","HH04",114,29,"sheltered","36","Hyacinthus",0.451333333333333,0.0596666666666666,0.0148554766057904,143
"Hilton","HH05",82,104,"exposed","29","Hyacinthus",0.671416666666667,0.0146666666666667,0.0031250925912209,186
"Hilton","HH05",82,104,"exposed","36","Hyacinthus",0.328833333333333,0.0716666666666667,0.017272596579339,186
"Hilton","HH06",95,82,"open","36","Hyacinthus",0.4025,0.129333333333333,0.028892360902469,177
"Hilton","HH06",95,82,"open","29","Hyacinthus",0.678,0.0446666666666666,0.00956265885852069,177
"Hilton","HH07",49,159,"open","29","Hyacinthus",0.685166666666667,0.02,0.00458156531555982,208
"Hilton","HH07",49,159,"open","36","Hyacinthus",0.425083333333333,0.157666666666667,0.0369048764719164,208
"Hilton","HH08",118,71,"open","36","Hyacinthus",0,0,0,189
"Hilton","HH08",118,71,"open","29","Hyacinthus",0.693666666666667,0.0603333333333333,0.0135311711463787,189
"Hilton","HH09",103,67,"sheltered","36","Hyacinthus",0.413916666666667,0.125333333333333,0.027472671606256,170
"Hilton","HH09",103,67,"sheltered","29","Hyacinthus",0.69575,0.0279999999999999,0.00644833455386104,170
"Hilton","HH10",121,74,"overhang","36","Hyacinthus",0.3415,0.333666666666667,0.0807474916477745,195
"Hilton","HH10",121,74,"overhang","29","Hyacinthus",0.701416666666667,0.0513333333333333,0.0117626015955781,195
"Hilton","HH11",133,66,"open","29","Hyacinthus",0.714083333333333,0.0449999999999999,0.0120303435805744,199
"Hilton","HH11",133,66,"open","36","Hyacinthus",0.53225,0.0423333333333333,0.00869479942477324,199
"Hilton","HH12",77,86,"exposed","29","Hyacinthus",0.66525,0.0536666666666666,0.0121528650790515,163
"Hilton","HH12",77,86,"exposed","36","Hyacinthus",0.312083333333333,0.0926666666666667,0.0208781185295355,163
"Hilton","HH13",63,101,"overhang","29","Hyacinthus",0.6665,0.038,0.00787577156714045,164
"Hilton","HH13",63,101,"overhang","36","Hyacinthus",0.50625,0.309666666666667,0.0711506454774084,164
"Hilton","HH14",121,29,"open","29","Hyacinthus",0.672416666666667,0.0163333333333333,0.00347311099736245,150
"Hilton","HH14",121,29,"open","36","Hyacinthus",0.230416666666667,0.098,0.0204588000625648,150
"Hilton","HH15",95,44,"sheltered","36","Hyacinthus",0.405,0.068,0.0143855637513601,139
"Hilton","HH15",95,44,"sheltered","29","Hyacinthus",0.684083333333333,0.0166666666666667,0.00359365438681183,139
"Hilton","HH16",99,62,"open","29","Hyacinthus",0.688333333333333,0.0163333333333333,0.00370435179514881,161
"Hilton","HH16",99,62,"open","36","Hyacinthus",0.32725,0.134333333333333,0.0320821789114097,161
"Hilton","HH17",86,75,"open","29","Hyacinthus",0.705833333333333,0.0263333333333333,0.00612901417968786,161
"Hilton","HH17",86,75,"open","36","Hyacinthus",0.196666666666667,0.0253333333333333,0.00554944107963102,161
"Hilton","HH18",52,133,"other","29","Hyacinthus",0.681166666666667,0.012,0.00294863433549236,185
"Hilton","HH18",52,133,"other","36","Hyacinthus",0.412583333333333,0.112666666666667,0.0235774433162999,185
"Hilton","HH19",113,68,"sheltered","29","Hyacinthus",0.690583333333333,0.0246666666666666,0.0054592344463982,181
"Hilton","HH19",113,68,"sheltered","36","Hyacinthus",0.423,0.083,0.0171167018283746,181
"Hilton","HH20",41,123,"open","36","Hyacinthus",0.373583333333333,0.14,0.0336161268066605,164
"Hilton","HH20",41,123,"open","29","Hyacinthus",0.690166666666667,0.0263333333333332,0.00566094482363996,164
"Hilton","HH21",75,74,"crevice","36","Hyacinthus",0.479583333333333,0.186,0.0419676628158183,149
"Hilton","HH21",75,74,"crevice","29","Hyacinthus",0.669583333333333,0.0306666666666666,0.00644402536951577,149
"Hilton","HH22",115,37,"overhang","36","Hyacinthus",0.535333333333333,0.233333333333333,0.0477419762504266,152
"Hilton","HH22",115,37,"overhang","29","Hyacinthus",0.702083333333333,0.0266666666666666,0.00555340236051537,152
"Hilton","HH23",28,94,"open","29","Hyacinthus",0.672916666666667,0.0423333333333333,0.00934758336763117,122
"Hilton","HH23",28,94,"open","36","Hyacinthus",0.67425,0.0376666666666666,0.00799116989534675,122
"Hilton","HH24",97,55,"other","36","Hyacinthus",0.451166666666667,0.167333333333333,0.0389266879792905,152
"Hilton","HH24",97,55,"other","29","Hyacinthus",0.678083333333333,0.0453333333333333,0.00945297817072992,152
"Hilton","HH25",67,95,"other","36","Hyacinthus",0.419833333333333,0.072,0.0157488976686553,162
"Hilton","HH25",67,95,"other","29","Hyacinthus",0.681916666666667,0.0309999999999999,0.00638919081412185,162
"Hilton","HH26",95,63,"other","36","Hyacinthus",0.505916666666667,0.049,0.0108118376483063,158
"Hilton","HH26",95,63,"other","29","Hyacinthus",0.653666666666667,0.0203333333333334,0.00433973885543053,158
"Hilton","HH27",113,57,"sheltered","29","Hyacinthus",0.664083333333333,0.0396666666666666,0.00822076751395625,170
"Hilton","HH27",113,57,"sheltered","36","Hyacinthus",0.6415,0.0730000000000001,0.0165106587346433,170
"Hilton","HH28",43,79,"exposed","29","Hyacinthus",0.684166666666667,0.0146666666666666,0.00327023614505809,122
"Hilton","HH28",43,79,"exposed","36","Hyacinthus",0.321333333333333,0.1,0.0210770192565443,122
"Hilton","HH29",87,65,"open","36","Hyacinthus",0.389083333333333,0.0733333333333334,0.0190614867672429,152
"Hilton","HH29",87,65,"open","29","Hyacinthus",0.676166666666667,0.0116666666666666,0.00268914140228464,152
"Hilton","HH30",69,62,"overhang","36","Hyacinthus",0.448083333333333,0.273,0.058892144826133,131
"Hilton","HH30",69,62,"overhang","29","Hyacinthus",0.667416666666667,0.0913333333333333,0.0186985714447407,131
"Hilton","HH31",90,51,"sheltered","36","Hyacinthus",0.346416666666667,0.0203333333333334,0.00523587164203363,141
"Hilton","HH31",90,51,"sheltered","29","Hyacinthus",0.698833333333333,0.0586666666666666,0.014148354177286,141
"Hilton","HH32",56,77,"open","29","Hyacinthus",0.693833333333333,0.0219999999999999,0.00473462423711391,133
"Hilton","HH32",56,77,"open","36","Hyacinthus",0.503333333333333,0.102,0.022535979463302,133
"Hilton","HH33",44,79,"open","36","Hyacinthus",0.35375,0.334666666666667,0.0746623727683993,123
"Hilton","HH33",44,79,"open","29","Hyacinthus",0.693,0.0246666666666667,0.00588626776048697,123
"Hilton","HH34",109,12,"overhang","36","Hyacinthus",0.273916666666667,0.146666666666667,0.0324765941358799,121
"Hilton","HH34",109,12,"overhang","29","Hyacinthus",0.69825,0.0216666666666667,0.00518254727873238,121
"Hilton","HH35",77,54,"sheltered","29","Hyacinthus",0.673166666666667,0.0236666666666666,0.00492630881274392,131
"Hilton","HH35",77,54,"sheltered","36","Hyacinthus",0.396,0.051,0.0106484218966422,131
"Hilton","HH36",55,90,"exposed","29","Hyacinthus",0.657916666666667,0.0146666666666666,0.00409239357652525,145
"Hilton","HH36",55,90,"exposed","36","Hyacinthus",0.684666666666667,0.0586666666666666,0.0130667800448596,145
"Hilton","HH37",95,54,"sheltered","29","Hyacinthus",0.689083333333333,0.018,0.00395665168957195,149
"Hilton","HH37",95,54,"sheltered","36","Hyacinthus",0.297166666666667,0.269666666666667,0.0611316884547886,149
"Hilton","HH38",59,91,"open","36","Hyacinthus",0.47225,0.0556666666666667,0.0118050326681588,150
"Hilton","HH38",59,91,"open","29","Hyacinthus",0.689583333333333,0.0233333333333333,0.00513227803005426,150
"Hilton","HH39",93,30,"overhang","36","Hyacinthus",0.262166666666667,0.0793333333333333,0.0188313666623103,123
"Hilton","HH39",93,30,"overhang","29","Hyacinthus",0.690333333333333,0.0323333333333334,0.00737739289491391,123
"Hilton","HH40",79,74,"overhang","29","Hyacinthus",0.6865,0.0296666666666667,0.0062487035692451,153
"Hilton","HH40",79,74,"overhang","36","Hyacinthus",0.340583333333333,0.135666666666667,0.0289067386094841,153
"Hilton","HH41",38,107,"open","29","Hyacinthus",0.666,0.0396666666666666,0.00836106496849577,145
"Hilton","HH41",38,107,"open","36","Hyacinthus",0.302666666666667,0.0673333333333334,0.0157409586041568,145
"Hilton","HH42",16,123,"open","36","Hyacinthus",0.397416666666667,0.056,0.0126691335317158,139
"Hilton","HH42",16,123,"open","29","Hyacinthus",0.682333333333333,0.0346666666666666,0.0078220959585769,139
"Hilton","HH43",17,130,"other","36","Hyacinthus",0.382166666666667,0.207,0.048239852128021,147
"Hilton","HH43",17,130,"other","29","Hyacinthus",0.646083333333333,0.0396666666666666,0.00898184898064486,147
"Hilton","HH44",41,82,"open","29","Hyacinthus",0.682,0.0563333333333332,0.0115478072313254,123
"Hilton","HH44",41,82,"open","36","Hyacinthus",0.391833333333333,0.177666666666667,0.0377571430573322,123
"Hilton","HH45",76,54,"open","29","Hyacinthus",0.662583333333333,0.0743333333333334,0.0169756770442628,130
"Hilton","HH45",76,54,"open","36","Hyacinthus",0.525916666666667,0.139666666666667,0.0308296919771737,130
"Hilton","HH46",117,28,"overhang","29","Hyacinthus",0.685166666666667,0.0183333333333333,0.00406087930634988,145
"Hilton","HH46",117,28,"overhang","36","Hyacinthus",0.276083333333333,0.0313333333333333,0.00741791500106081,145
"Hilton","HH47",87,55,"sheltered","29","Hyacinthus",0.6515,0.0976666666666666,0.0224237390743398,142
"Hilton","HH47",87,55,"sheltered","36","Hyacinthus",0.49775,0.248,0.0597431810768826,142
"Hilton","HH48",77,64,"other","29","Hyacinthus",0.6615,0.0443333333333333,0.00991304789247578,141
"Hilton","HH48",77,64,"other","36","Hyacinthus",0.190916666666667,0.100666666666667,0.0243304317143656,141
"Hilton","HH49",66,71,"crevice","29","Hyacinthus",0.662333333333333,0.032,0.00740495329717436,137
"Hilton","HH49",66,71,"crevice","36","Hyacinthus",0.347416666666667,0.113,0.0257920368847958,137
"Hilton","HH50",103,53,"other","29","Hyacinthus",0.68225,0.021,0.00446669776108581,156
"Hilton","HH50",103,53,"other","36","Hyacinthus",0.384916666666667,0.0436666666666666,0.010135539781712,156
"Hilton","HH51",76,84,"crevice","29","Hyacinthus",0.657333333333333,0.0343333333333333,0.00785163347005884,160
"Hilton","HH51",76,84,"crevice","36","Hyacinthus",0.654333333333333,0.022,0.00494787646182496,160
"Hilton","HH52",67,80,"open","36","Hyacinthus",0.457416666666667,0.122333333333333,0.0253772919052535,147
"Hilton","HH52",67,80,"open","29","Hyacinthus",0.670166666666667,0.0323333333333333,0.0073918122871789,147
"Hilton","HH53",71,77,"open","36","Hyacinthus",0.352416666666667,0.153666666666667,0.0352295054685069,148
"Hilton","HH53",71,77,"open","29","Hyacinthus",0.683583333333333,0.0116666666666667,0.00241666666666668,148
"Hilton","HH54",47,93,"open","29","Hyacinthus",0.670166666666667,0.018,0.00395694420069419,140
"Hilton","HH54",47,93,"open","36","Hyacinthus",0.416,0.100333333333333,0.0213849202667397,140
"Hilton","HH55",84,77,"overhang","29","Hyacinthus",0.67725,0.0443333333333333,0.0108979908104065,161
"Hilton","HH55",84,77,"overhang","36","Hyacinthus",0.648,0.0363333333333333,0.00822710065485924,161
"Hilton","HH56",90,53,"overhang","29","Hyacinthus",0.680833333333333,0.0196666666666667,0.00497121342963295,143
"Hilton","HH56",90,53,"overhang","36","Hyacinthus",0.477666666666667,0.128,0.0263775999245151,143
"Hilton","HH57",81,61,"crevice","29","Hyacinthus",0.698416666666667,0.0409999999999999,0.00933072880326075,142
"Hilton","HH57",81,61,"crevice","36","Hyacinthus",0.266833333333333,0.126333333333333,0.0284613122729135,142
"Hilton","HH58",40,111,"open","29","Hyacinthus",0.668416666666667,0.0396666666666667,0.00826569774787704,151
"Hilton","HH58",40,111,"open","36","Hyacinthus",0.478666666666667,0.194333333333333,0.0446730924067854,151
"Hilton","HH59",61,82,"open","29","Hyacinthus",0.715,0.0393333333333334,0.00956749899592561,143
"Hilton","HH59",61,82,"open","36","Hyacinthus",0.412916666666667,0.0586666666666666,0.0122734092278419,143
"Hilton","HH60",47,91,"open","29","Hyacinthus",0.66375,0.0269999999999999,0.00612731437756227,138
"Hilton","HH60",47,91,"open","36","Hyacinthus",0.279833333333333,0.100666666666667,0.0213009737214401,138
"Hilton","HH61",115,77,"overhang","29","Hyacinthus",0.691583333333333,0.0243333333333333,0.00564599989504204,192
"Hilton","HH61",115,77,"overhang","36","Hyacinthus",0.275,0.0543333333333333,0.0130660714150131,192
"Hilton","HH62",72,113,"open","29","Hyacinthus",0.680333333333333,0.0353333333333332,0.00744858922759747,185
"Hilton","HH62",72,113,"open","36","Hyacinthus",0.401833333333333,0.141666666666667,0.0296324709285833,185
"Hilton","HH63",133,105,"other","29","Hyacinthus",0.664,0.0213333333333333,0.00470421402889256,238
"Hilton","HH63",133,105,"other","36","Hyacinthus",0.491083333333333,0.125,0.0299649100337934,238
"Hilton","HH64",123,72,"sheltered","36","Hyacinthus",0.28975,0.18,0.0386646012379397,195
"Hilton","HH64",123,72,"sheltered","29","Hyacinthus",0.69825,0.0533333333333333,0.0131059606173567,195
"Hilton","HH65",73,105,"open","36","Hyacinthus",0.415416666666667,0.0986666666666666,0.020551369693923,178
"Hilton","HH65",73,105,"open","29","Hyacinthus",0.678083333333333,0.047,0.0100021988323309,178
"Hilton","HH66",131,78,"overhang","36","Hyacinthus",0.663833333333333,0.0156666666666666,0.00380180269131679,209
"Hilton","HH66",131,78,"overhang","29","Hyacinthus",0.670166666666667,0.0329999999999999,0.00757493429870051,209
"Hilton","HH67",93,94,"open","29","Hyacinthus",0.6795,0.0236666666666666,0.00563142637019813,187
"Hilton","HH67",93,94,"open","36","Hyacinthus",0.252083333333333,0.0126666666666666,0.00295764859055047,187
"Hilton","HH68",101,75,"overhang","36","Hyacinthus",0.177416666666667,0.0853333333333333,0.018193596248253,176
"Hilton","HH68",101,75,"overhang","29","Hyacinthus",0.686833333333333,0.0133333333333333,0.00307167465483979,176
"Hilton","HH69",96,70,"open","36","Hyacinthus",0.5605,0.114,0.0244155763882479,166
"Hilton","HH69",96,70,"open","29","Hyacinthus",0.6605,0.01,0.00225462487641145,166
"Hilton","HH70",122,154,"sheltered","36","Hyacinthus",0.268333333333333,0.0343333333333333,0.00731183718110318,276
"Hilton","HH70",122,154,"sheltered","29","Hyacinthus",0.664166666666667,0.0343333333333333,0.00730613643656,276
"Hilton","HH71",138,41,"overhang","29","Hyacinthus",0.67475,0.0386666666666667,0.00874153029233738,179
"Hilton","HH71",138,41,"overhang","36","Hyacinthus",0.61025,0.0806666666666667,0.020905153980848,179
"Hilton","HH72",75,72,"crevice","29","Hyacinthus",0.6925,0.00966666666666671,0.00211913679141785,147
"Hilton","HH72",75,72,"crevice","36","Hyacinthus",0.4785,0.126333333333333,0.0294971750059787,147
"Hilton","HH73",123,24,"open","29","Hyacinthus",0.6775,0.0413333333333333,0.00882913946563898,147
"Hilton","HH73",123,24,"open","36","Hyacinthus",0.112166666666667,0.137333333333333,0.0323389170436419,147
"Hilton","HR01",123,56,"sheltered","29","Retusa",0.697416666666667,0.022,0.00510333043036422,179
"Hilton","HR01",123,56,"sheltered","36","Retusa",0.350416666666667,0.151,0.0323403128205856,179
"Hilton","HR02",138,49,"sheltered","36","Retusa",0.31475,0.295,0.0717906388976539,187
"Hilton","HR02",138,49,"sheltered","29","Retusa",0.67975,0.0329999999999999,0.00720644644539666,187
"Hilton","HR03",61,63,"open","36","Retusa",0.5885,0.0649999999999999,0.0142260194583597,124
"Hilton","HR03",61,63,"open","29","Retusa",0.680833333333333,0.0239999999999999,0.00525727009852915,124
"Hilton","HR04",104,66,"open","29","Retusa",0.715416666666667,0.0303333333333333,0.00749984567742464,170
"Hilton","HR04",104,66,"open","36","Retusa",0.285416666666667,0.089,0.0188165485676837,170
"Jet Ski","JH01",99,58,"open","29","Hyacinthus",0.695583333333333,0.0196666666666666,0.00419959213187113,157
"Jet Ski","JH01",99,58,"open","36","Hyacinthus",0.26125,0.0206666666666667,0.00477915031964656,157
"Jet Ski","JH02",71,73,"open","29","Hyacinthus",0.698333333333333,0.00633333333333341,0.00145932505961821,144
"Jet Ski","JH02",71,73,"open","36","Hyacinthus",0.306,0.0793333333333334,0.0164136348018167,144
"Jet Ski","JH03",70,71,"open","29","Hyacinthus",0.654833333333333,0.016,0.00334580998331413,141
"Jet Ski","JH03",70,71,"open","36","Hyacinthus",0.46125,0.147333333333333,0.0334717611770922,141
"Jet Ski","JH04",83,65,"open","36","Hyacinthus",0.35025,0.0863333333333333,0.0180407845563159,148
"Jet Ski","JH04",83,65,"open","29","Hyacinthus",0.6245,0.0156666666666666,0.00323321878376698,148
"Jet Ski","JH05",76,70,"open","29","Hyacinthus",0.696166666666667,0.0079999999999999,0.00221735578260832,146
"Jet Ski","JH05",76,70,"open","36","Hyacinthus",0.217833333333333,0.348333333333333,0.0792130858063424,146
"Jet Ski","JH06",88,75,"sheltered","29","Hyacinthus",0.674583333333333,0.015,0.00332881638401978,163
"Jet Ski","JH06",88,75,"sheltered","36","Hyacinthus",0.407833333333333,0.0706666666666667,0.0158847119606896,163
"Jet Ski","JH07",72,92,"exposed","29","Hyacinthus",0.682416666666667,0.012,0.00277012835643244,164
"Jet Ski","JH07",72,92,"exposed","36","Hyacinthus",0.58125,0.0703333333333332,0.0168629415078241,164
"Jet Ski","JH08",101,33,"open","29","Hyacinthus",0.695916666666667,0.0286666666666666,0.00600828902742178,134
"Jet Ski","JH08",101,33,"open","36","Hyacinthus",0.523166666666667,0.145666666666667,0.0327771657193326,134
"Jet Ski","JH09",60,67,"open","29","Hyacinthus",0.685416666666667,0.0136666666666667,0.00307732146637421,127
"Jet Ski","JH09",60,67,"open","36","Hyacinthus",0.515916666666667,0.183666666666667,0.0426387441184658,127
"Jet Ski","JH10",124,56,"open","36","Hyacinthus",0.3305,0.021,0.00478132942926035,180
"Jet Ski","JH10",124,56,"open","29","Hyacinthus",0.6765,0.0203333333333333,0.00532725347901051,180
"Jet Ski","JH11",40,103,"open","29","Hyacinthus",0.646583333333333,0.00900000000000001,0.00216185362851214,143
"Jet Ski","JH11",40,103,"open","36","Hyacinthus",0.245083333333333,0.270333333333333,0.0655927919199347,143
"Jet Ski","JH12",55,82,"sheltered","36","Hyacinthus",0.3455,0.146333333333333,0.0300100291877874,137
"Jet Ski","JH12",55,82,"sheltered","29","Hyacinthus",0.703333333333333,0.0323333333333332,0.00701717469789234,137
"Jet Ski","JH13",57,88,"crevice","29","Hyacinthus",0.675583333333333,0.0293333333333333,0.00631631485387907,145
"Jet Ski","JH13",57,88,"crevice","36","Hyacinthus",0.573333333333333,0.027,0.00590197706987527,145
"Jet Ski","JH14",122,15,"overhang","29","Hyacinthus",0.660833333333333,0.0206666666666667,0.00438325939946098,137
"Jet Ski","JH14",122,15,"overhang","36","Hyacinthus",0.666666666666667,0.0333333333333333,0.00813542778132688,137
"Jet Ski","JH15",82,58,"crevice","36","Hyacinthus",0.35675,0.0516666666666666,0.0122801970969826,140
"Jet Ski","JH15",82,58,"crevice","29","Hyacinthus",0.674666666666667,0.0126666666666667,0.00266319218093487,140
"Jet Ski","JH16",100,41,"other","29","Hyacinthus",0.685833333333333,0.052,0.0107052254461012,141
"Jet Ski","JH16",100,41,"other","36","Hyacinthus",0.58425,0.0516666666666666,0.0115721368749186,141
"Jet Ski","JH17",115,39,"overhang","29","Hyacinthus",0.694166666666667,0.0376666666666666,0.00824901789889537,154
"Jet Ski","JH17",115,39,"overhang","36","Hyacinthus",0.302083333333333,0.523,0.119116374391383,154
"Jet Ski","JH18",144,45,"overhang","29","Hyacinthus",0.708166666666667,0.0363333333333333,0.00799363172457601,189
"Jet Ski","JH18",144,45,"overhang","36","Hyacinthus",0.3265,0.154333333333333,0.0345437189445276,189
"Jet Ski","JH19",98,96,"exposed","36","Hyacinthus",0.5325,0.087,0.0214002855640345,194
"Jet Ski","JH19",98,96,"exposed","29","Hyacinthus",0.678333333333333,0.0566666666666666,0.0131740485635797,194
"Jet Ski","JH20",177,10,"overhang","29","Hyacinthus",0.681166666666667,0.0393333333333333,0.00902927338038769,187
"Jet Ski","JH20",177,10,"overhang","36","Hyacinthus",0.417166666666667,0.107,0.0253466704658364,187
"Jet Ski","JH21",66,118,"exposed","29","Hyacinthus",0.695083333333333,0.0453333333333333,0.0104831213545076,184
"Jet Ski","JH21",66,118,"exposed","36","Hyacinthus",0.117416666666667,0.298,0.0725297352814692,184
"Jet Ski","JH22",112,83,"open","36","Hyacinthus",0.425666666666667,0.136666666666667,0.0382223029714909,195
"Jet Ski","JH22",112,83,"open","29","Hyacinthus",0.69125,0.037,0.00874047100180153,195
"Jet Ski","JH23",71,70,"overhang","29","Hyacinthus",0.681,0.0383333333333333,0.00805191488612078,141
"Jet Ski","JH23",71,70,"overhang","36","Hyacinthus",0.25725,0.0606666666666666,0.0149749018422554,141
"Jet Ski","JH24",62,120,"exposed","36","Hyacinthus",0,0,0,182
"Jet Ski","JH24",62,120,"exposed","29","Hyacinthus",0.720666666666667,0.0766666666666667,0.0161595058596985,182
"Jet Ski","JH25",161,52,"other","36","Hyacinthus",0.582166666666667,0.051,0.0116352752279278,213
"Jet Ski","JH25",161,52,"other","29","Hyacinthus",0.68325,0.0516666666666666,0.0110866745172685,213
"Jet Ski","JH26",105,71,"open","29","Hyacinthus",0.66825,0.069,0.0157329419678254,176
"Jet Ski","JH26",105,71,"open","36","Hyacinthus",0.270083333333333,0.344333333333333,0.0748091862798403,176
"Jet Ski","JH27",92,89,"open","29","Hyacinthus",0.690833333333333,0.0416666666666666,0.00863294722431324,181
"Jet Ski","JH27",92,89,"open","36","Hyacinthus",0.555333333333333,0.0883333333333333,0.0219894755971359,181
"Jet Ski","JH28",96,87,"open","36","Hyacinthus",0.350333333333333,0.053,0.0108925730728854,183
"Jet Ski","JH28",96,87,"open","29","Hyacinthus",0.665333333333333,0.0303333333333333,0.00805191488612076,183
"Jet Ski","JH29",66,123,"open","36","Hyacinthus",0.531083333333333,0.148666666666667,0.0306069391188048,189
"Jet Ski","JH29",66,123,"open","29","Hyacinthus",0.691416666666667,0.015,0.00317214438511238,189
"Jet Ski","JH30",69,133,"sheltered","36","Hyacinthus",0.483083333333333,0.0866666666666666,0.0204583474767998,202
"Jet Ski","JH30",69,133,"sheltered","29","Hyacinthus",0.692833333333333,0.054,0.011077588318897,202
"Jet Ski","JH31",75,87,"exposed","29","Hyacinthus",0.702333333333333,0.0316666666666667,0.00672612375300522,162
"Jet Ski","JH31",75,87,"exposed","36","Hyacinthus",0.3965,0.178,0.0394577833470998,162
"Jet Ski","JH31 ",NA,NA,"other","36","Hyacinthus",0.452,0,NA,NA
"Jet Ski","JH31 ",NA,NA,"other","29","Hyacinthus",0.687,0,NA,NA
"Jet Ski","JH32",59,55,"open","29","Hyacinthus",0.686916666666667,0.035,0.00720387627137872,114
"Jet Ski","JH32",59,55,"open","36","Hyacinthus",0.3115,0.167,0.0380887122386672,114
"Jet Ski","JH33",49,99,"open","29","Hyacinthus",0.686833333333333,0.0449999999999999,0.00969392707947724,148
"Jet Ski","JH33",49,99,"open","36","Hyacinthus",0.234916666666667,0.0593333333333333,0.0123882971956362,148
"Jet Ski","JH34",73,63,"sheltered","29","Hyacinthus",0.683166666666667,0.0326666666666666,0.00691549521538942,136
"Jet Ski","JH34",73,63,"sheltered","36","Hyacinthus",0.517083333333333,0.0233333333333333,0.00501179165125163,136
"Jet Ski","JH35",52,85,"open","29","Hyacinthus",0.66975,0.0163333333333333,0.00431057055603066,137
"Jet Ski","JH35",52,85,"open","36","Hyacinthus",0.438333333333333,0.109,0.0237241086941814,137
"Jet Ski","JH36",99,50,"open","29","Hyacinthus",0.691583333333333,0.0163333333333333,0.00390245649132269,149
"Jet Ski","JH36",99,50,"open","36","Hyacinthus",0.55225,0.0613333333333334,0.0137486531326877,149
"Jet Ski","JH37",101,69,"overhang","29","Hyacinthus",0.71475,0.028,0.00638194066618194,170
"Jet Ski","JH37",101,69,"overhang","36","Hyacinthus",0.64475,0.0603333333333333,0.0152560704372124,170
"Jet Ski","JH38",132,29,"sheltered","29","Hyacinthus",0.71625,0.036,0.00817559036264525,161
"Jet Ski","JH38",132,29,"sheltered","36","Hyacinthus",0.306666666666667,0.0716666666666667,0.0179200901122073,161
"Jet Ski","JH39",83,77,"sheltered","29","Hyacinthus",0.691666666666667,0.0136666666666666,0.00300308483371989,160
"Jet Ski","JH39",83,77,"sheltered","36","Hyacinthus",0.418166666666667,0.0493333333333333,0.0125111061772242,160
"Jet Ski","JH40",51,131,"overhang","29","Hyacinthus",0.669833333333333,0.0236666666666666,0.00492630881274392,182
"Jet Ski","JH40",51,131,"overhang","36","Hyacinthus",0.319666666666667,0.122666666666667,0.028169460742416,182
"Jet Ski","JH41",77,85,"overhang","29","Hyacinthus",0.68775,0.0339999999999999,0.00796912444654017,162
"Jet Ski","JH41",77,85,"overhang","36","Hyacinthus",0.396583333333333,0.089,0.0184553389846146,162
"Jet Ski","JH42",151,64,"crevice","29","Hyacinthus",0.666666666666667,0.0306666666666666,0.00768596604689833,215
"Jet Ski","JH42",151,64,"crevice","36","Hyacinthus",0.6375,0.0783333333333333,0.0176007680808832,215
"Jet Ski","JH43",83,118,"open","29","Hyacinthus",0.690833333333333,0.0256666666666666,0.00571952471477856,201
"Jet Ski","JH43",83,118,"open","36","Hyacinthus",0.268583333333333,0.116666666666667,0.0262168220663615,201
"Jet Ski","JH44",95,86,"open","29","Hyacinthus",0.681,0.0376666666666666,0.00861200712184253,181
"Jet Ski","JH44",95,86,"open","36","Hyacinthus",0.4285,0.0816666666666667,0.0223666832256935,181
"Jet Ski","JH45",115,62,"other","29","Hyacinthus",0.681,0.0946666666666666,0.0197136914257485,177
"Jet Ski","JH45",115,62,"other","36","Hyacinthus",0.447583333333333,0.121,0.0266376143826732,177
"Jet Ski","JH46",63,58,"sheltered","29","Hyacinthus",0.6975,0.0403333333333333,0.0083649400608864,121
"Jet Ski","JH46",63,58,"sheltered","36","Hyacinthus",0.280916666666667,0.250666666666667,0.0536230628589077,121
"Jet Ski","JH47",33,98,"open","29","Hyacinthus",0.680583333333333,0.0269999999999999,0.00612731437756227,131
"Jet Ski","JH47",33,98,"open","36","Hyacinthus",0.2335,0.105,0.025097033910626,131
"Jet Ski","JH48",154,45,"other","29","Hyacinthus",0.668916666666667,0.0173333333333333,0.0039892796156514,199
"Jet Ski","JH48",154,45,"other","36","Hyacinthus",0.607416666666667,0.0816666666666667,0.0178239201532556,199
"Jet Ski","JH49",116,34,"overhang","29","Hyacinthus",0.666666666666667,0.043,0.0119419894117819,150
"Jet Ski","JH49",116,34,"overhang","36","Hyacinthus",0.384416666666667,0.141666666666667,0.0310496540804969,150
"Jet Ski","JH50",165,28,"other","29","Hyacinthus",0.673833333333333,0.0566666666666668,0.0119089913122008,193
"Jet Ski","JH50",165,28,"other","36","Hyacinthus",0.241666666666667,0.364333333333333,0.0755573120710855,193
"Jet Ski","JH51",58,103,"exposed","29","Hyacinthus",0.69825,0.0526666666666668,0.0118917766482495,161
"Jet Ski","JH51",58,103,"exposed","36","Hyacinthus",0.42075,0.092,0.0221636902763657,161
"Jet Ski","JH52",138,20,"overhang","29","Hyacinthus",0.689083333333333,0.0319999999999999,0.00815631430015805,158
"Jet Ski","JH52",138,20,"overhang","36","Hyacinthus",0.534916666666667,0.127,0.0307888192188153,158
"Jet Ski","JH53",119,74,"crevice","36","Hyacinthus",0.515916666666667,0.711333333333333,0.172247473507247,193
"Jet Ski","JH53",119,74,"crevice","29","Hyacinthus",0.641083333333333,0.0133333333333333,0.00296702557129875,193
"Jet Ski","JH54",174,35,"crevice","29","Hyacinthus",0.67975,0.0703333333333332,0.0150045517785129,209
"Jet Ski","JH54",174,35,"crevice","36","Hyacinthus",0.202083333333333,0.058,0.0133196978889107,209
"Jet Ski","JH55",157,63,"open","36","Hyacinthus",0.408,0.105333333333333,0.0228148749397957,220
"Jet Ski","JH55",157,63,"open","29","Hyacinthus",0.668916666666667,0.0183333333333333,0.00427822869196361,220
"Jet Ski","JH56",129,64,"other","36","Hyacinthus",0.365333333333333,0.148,0.0355168191768976,193
"Jet Ski","JH56",129,64,"other","29","Hyacinthus",0.66775,0.00766666666666671,0.00173405433722374,193
"Jet Ski","JH57",115,36,"open","29","Hyacinthus",0.700583333333333,0.0356666666666666,0.00757966944456609,151
"Jet Ski","JH57",115,36,"open","36","Hyacinthus",0.46225,0.0843333333333333,0.0178109282932324,151
"Jet Ski","JH58",114,34,"overhang","29","Hyacinthus",0.703916666666667,0.0216666666666666,0.00545414385446379,148
"Jet Ski","JH58",114,34,"overhang","36","Hyacinthus",0.29875,0.145666666666667,0.0301973064165467,148
"Jet Ski","JH59",74,69,"crevice","36","Hyacinthus",0.406583333333333,0.087,0.0203180156329121,143
"Jet Ski","JH59",74,69,"crevice","29","Hyacinthus",0.674166666666667,0.0183333333333333,0.00385020441977748,143
"Jet Ski","JH60",99,61,"other","36","Hyacinthus",0.460833333333333,0.0673333333333333,0.0158496991442413,160
"Jet Ski","JH60",99,61,"other","29","Hyacinthus",0.686166666666667,0.0453333333333334,0.00959311095410546,160
"Jet Ski","JH61",101,68,"crevice","36","Hyacinthus",0.375833333333333,0.386333333333333,0.0845947310328399,169
"Jet Ski","JH61",101,68,"crevice","29","Hyacinthus",0.677583333333333,0.0326666666666666,0.00701106929024328,169
"Jet Ski","JH62",142,24,"overhang","29","Hyacinthus",0.691833333333333,0.0329999999999999,0.00693688477418863,166
"Jet Ski","JH62",142,24,"overhang","36","Hyacinthus",0.397833333333333,0.122666666666667,0.0261691435487307,166
"Jet Ski","JH63",81,88,"overhang","36","Hyacinthus",0.538333333333333,0.0846666666666666,0.0173530870345777,169
"Jet Ski","JH63",81,88,"overhang","29","Hyacinthus",0.707666666666667,0.0283333333333333,0.00582300673255728,169
"Jet Ski","JH64",113,44,"open","36","Hyacinthus",0.42825,0.126666666666667,0.0301325390136213,157
"Jet Ski","JH64",113,44,"open","29","Hyacinthus",0.687166666666667,0.0580000000000001,0.0119245312043889,157
"Jet Ski","JH65",70,62,"overhang","36","Hyacinthus",0.353666666666667,0.0403333333333333,0.00935810205512176,132
"Jet Ski","JH65",70,62,"overhang","29","Hyacinthus",0.69225,0.0246666666666666,0.00565255596070387,132
"Jet Ski","JH66",68,64,"open","29","Hyacinthus",0.686416666666667,0.0429999999999999,0.00995766501709072,132
"Jet Ski","JH66",68,64,"open","36","Hyacinthus",0.284,0.081,0.0176745265534579,132
"Jet Ski","JH67",60,84,"other","29","Hyacinthus",0.68825,0.0519999999999999,0.011123361302532,144
"Jet Ski","JH67",60,84,"other","36","Hyacinthus",0.24875,0.212666666666667,0.0541854454627809,144
"Jet Ski","JH68",103,24,"overhang","29","Hyacinthus",0.66125,0.022,0.00450385637229056,127
"Jet Ski","JH68",103,24,"overhang","36","Hyacinthus",0.256,0.394333333333333,0.0905719480732184,127
"Jet Ski","JH69",41,97,"open","29","Hyacinthus",0.685666666666667,0.02,0.00459871157479442,138
"Jet Ski","JH69",41,97,"open","36","Hyacinthus",0.469583333333333,0.064,0.0145197024507825,138
"Jet Ski","JH70",79,74,"open","29","Hyacinthus",0.6575,0.00766666666666671,0.00161302568232867,153
"Jet Ski","JH70",79,74,"open","36","Hyacinthus",0.238833333333333,0.085,0.0189054665815649,153
"Jet Ski","JH71",38,87,"sheltered","29","Hyacinthus",0.69425,0.021,0.00503391277017965,125
"Jet Ski","JH71",38,87,"sheltered","36","Hyacinthus",0.232,0.236,0.0485756378505995,125
"Jet Ski","JH72",103,16,"overhang","29","Hyacinthus",0.690611111111111,0.0228333333333333,0.00570960042709092,119
"Jet Ski","JH72",103,16,"overhang","36","Hyacinthus",0.266416666666667,0.0693333333333333,0.0161281758285169,119
"Jet Ski","JH73",38,115,"open","29","Hyacinthus",0.679333333333333,0.0089999999999999,0.00241522945769823,153
"Jet Ski","JH73",38,115,"open","36","Hyacinthus",0.345333333333333,0.0286666666666667,0.00602924969227945,153
"Jet Ski","JH74",76,79,"open","29","Hyacinthus",0.67225,0.0413333333333333,0.00872456621016516,155
"Jet Ski","JH74",76,79,"open","36","Hyacinthus",0.481083333333333,0.0883333333333334,0.0197631226914807,155
"Jet Ski","JR01",120,33,"open","29","Retusa",0.6985,0.0103333333333333,0.00365338503613049,153
"Jet Ski","JR01",120,33,"open","36","Retusa",0.579416666666667,0.200333333333333,0.0426767294991163,153
"Jet Ski","JR02",89,98,"sheltered","36","Retusa",0.250166666666667,0.239666666666667,0.0520310626595448,187
"Jet Ski","JR02",89,98,"sheltered","29","Retusa",0.6845,0.005,0.001092906420717,187
"Jet Ski","JR03",170,10,"overhang","29","Retusa",0.71425,0.0536666666666666,0.010975878434431,180
"Jet Ski","JR03",170,10,"overhang","36","Retusa",0.6695,0.0723333333333334,0.0185843920973926,180
"Jet Ski","JR04",138,35,"open","29","Retusa",0.692833333333333,0.0206666666666666,0.00459971818782491,173
"Jet Ski","JR04",138,35,"open","36","Retusa",0.655333333333333,0.0546666666666666,0.0114923485012453,173
"Jet Ski","JR05",47,89,"other","29","Retusa",0.666833333333333,0.0616666666666666,0.012737012266677,136
"Jet Ski","JR05",47,89,"other","36","Retusa",0.263083333333333,0.126333333333333,0.0264527443790845,136
"Jet Ski","JR06",112,28,"open","29","Retusa",0.705333333333333,0.0546666666666668,0.0115004025694434,140
"Jet Ski","JR06",112,28,"open","36","Retusa",0.550083333333333,0.0773333333333334,0.0177139696912415,140
"Jet Ski","JR07",105,21,"overhang","29","Retusa",0.709,0.0323333333333334,0.00759507637783752,126
"Jet Ski","JR07",105,21,"overhang","36","Retusa",0.626416666666667,0.0563333333333333,0.0129051920358235,126
"Jet Ski","JR08",141,59,"open","36","Retusa",0.605,0.101,0.0213563244167294,200
"Jet Ski","JR08",141,59,"open","29","Retusa",0.707166666666667,0.0183333333333333,0.00382608009441633,200
"Jet Ski","JR09",133,67,"overhang","29","Retusa",0.703583333333333,0.0136666666666666,0.00314870637752265,200
"Jet Ski","JR09",133,67,"overhang","36","Retusa",0.635333333333333,0.0506666666666667,0.0124335269570863,200
"Jet Ski","JR10",100,67,"overhang","29","Retusa",0.704416666666667,0.0666666666666667,0.0153130149195358,167
"Jet Ski","JR10",100,67,"overhang","36","Retusa",0.576916666666667,0.0763333333333333,0.016732854685496,167
